MODELO;SERIE;REFERENCIA;REMISION;UBICACACION;AREA;RECIBE;OS;FECHA;SOLICITUD;OBSERVACION
M3145idn;R4V8802494;TK-3162;6757582;PAMPALINDA;PREICFES_B1P4;Yacumal;3968458;20/08/2024;KFS;
P3155dn;R4A2X53356;TK-3182;6759434;PAMPALINDA;SEC.ACAD.EDUCACION B2-P1;Yacumal;3970356;21/08/2024;KFS;
P3155dn;R4A2X53608;TK-3182;6759302;PAMPALINDA;RECREACION_DEPORTE_B5P3;Yacumal;3969580;21/08/2024;KFS;
M3145idn;R4V8802448;FK-3202;6758850;PAMPALINDA;SERVICIO_MEDICO_B5P2;Yacumal;3968220;21/08/2024;ST;
MA5500ifx;WDS3X13415;TK-3432;6762841;PAMPALINDA;DGI;Yacumal;3972676;23/08/2024;KFS;
MA5500ifx;WDS3X13700;TK-3432;6763926;PAMPALINDA;VACUNACION;Yacumal;3973828;26/08/2024;KFS;
M3145idn;R4V8802396;302F906230;6763610;PAMPALINDA;ARCHIVO CONTABILIDAD;Yacumal;3972696;26/08/2024;ST;
M3145idn;R4V8802396;302F909170;6763610;PAMPALINDA;ARCHIVO CONTABILIDAD;Yacumal;3972696;26/08/2024;ST;
M3145idn;R4V8802396;302HN06080;6763610;PAMPALINDA;ARCHIVO CONTABILIDAD;Yacumal;3972696;26/08/2024;ST;
MA5500ifx;WDS3X13723;TK-3432;6765692;PAMPALINDA;JURIDICO;Yacumal;3975650;26/08/2024;KFS;
M3145idn;R4V8802447;TK-3162;6766492;PAMPALINDA;UNIDAD DE MERCADEO;Yacumal;3976474;28/08/2024;CORREO;
M3145idn;R4V8802448;TK-3162;6766492;PAMPALINDA;SERVICIO_MEDICO_B5P2;Yacumal;3976564;28/08/2024;CORREO;
M3145idn;R4V8802381;TK-3162;6766492;PAMPALINDA;DIR- BIENESTAR UNIVERSITARIO;Yacumal;3976544;28/08/2024;CORREO;
P3045dn;VM38Z27768;TK-3162;6766492;PAMPALINDA;CONTABILIDAD 2;Yacumal;3976504;28/08/2024;CORREO;
P3045dn;VM38Z27787;TK-3162;6766511;PAMPALINDA;CONTABILIDAD;Yacumal;3976523;16/09/2024;CORREO;
P3045dn;VM38Z27788;TK-3162;6766512;PAMPALINDA;ARCHIVO CONTABILIDAD;Yacumal;3976524;17/09/2024;CORREO;
P3045dn;VM38Z27789;TK-3162;6766513;PAMPALINDA;CONTABILIDAD 2;Yacumal;3976525;18/09/2024;CORREO;
P3045dn;VM38Z27790;TK-3162;6766514;PAMPALINDA;JARDIN SANTIAGUITOS;Yacumal;3976526;19/09/2024;CORREO;
P3045dn;VM38Z27791;TK-3162;6766515;PAMPALINDA;BIBLIOTECA ;Yacumal;3976527;20/09/2024;CORREO;
P3045dn;VM38Z27792;TK-3162;6766516;PAMPALINDA;CONTABILIDAD 2;Yacumal;3976528;21/09/2024;CORREO;
P3045dn;VM38Z27793;TK-3162;6766517;PAMPALINDA;SERVICIOS GENERALES;Yacumal;3976529;22/09/2024;CORREO;
P3045dn;VM38Z27779;TK-3162;6766503;PAMPALINDA;HOSPITAL SIMULADO;Yacumal;3976515;8/09/2024;CORREO;
P3045dn;VM38Z27794;TK-3162;6766518;PAMPALINDA;COORDINACION AMBIENTAL;Yacumal;3976530;23/09/2024;CORREO;
M3655idn;R4P8916497;TK-3182;6766492;PAMPALINDA;FACULTAD INGENIERIA;Yacumal;3976512;28/08/2024;CORREO;
M3655idn;R4P8916483;TK-3182;6766492;PAMPALINDA;CONTABILIDAD;Yacumal;3976494;28/08/2024;CORREO;
M3655idn;R4P8916186;TK-3182;6766492;PAMPALINDA;FACULTAD CIENCIAS ECONOMICAS;Yacumal;;28/08/2024;CORREO;
P3155dn;R4A2X53354;TK-3182;6765954;PAMPALINDA;DIRECCION LABORATORIOS;Yacumal;3975978;28/08/2024;CORREO;
M3655idn;R4V8802504;FK-3202;6770506;PAMPALINDA;ACTIVOS FIJOS;Yacumal;3979776;9/02/2024;ST;
M3655idn;R4P8916483;FK-3130;6773338;PAMPALINDA;CONTABILIDAD;Yacumal;3981910;9/04/2024;ST;
M3655idn;R4P8916483;302F906230;6773338;PAMPALINDA;CONTABILIDAD;Yacumal;3981910;9/04/2024;ST;
M3655idn;R4P8916483;302F909170;6773338;PAMPALINDA;CONTABILIDAD;Yacumal;3981910;9/04/2024;ST;
M3145idn;R4V8802396;TK-3162;6772901;PAMPALINDA;ARCHIVO CONTABILIDAD;Yacumal;;9/04/2024;CORREO;
M3145idn;R4V8802355;TK-3162;6772901;PAMPALINDA;DECANATURA COMUNICACION;Yacumal;;9/04/2024;CORREO;
P3045dn;VM38Z27771;TK-3162;6772901;PAMPALINDA;VICERECTOR ACADEMICO;Yacumal;;9/04/2024;CORREO;
P3045dn;VM38Z28081;TK-3162;6772901;PAMPALINDA;DECANATURA INGENIERIA;Yacumal;;9/04/2024;CORREO;
P3045dn;VM38Z27989;TK-3162;6772901;PAMPALINDA;POSGRADOS CIENCIAS ECONOMICAS;Yacumal;;9/04/2024;CORREO;
M3145idn;R4V8802495;TK-3162;6772901;PAMPALINDA;CELOA;Yacumal;;9/04/2024;CORREO;
M3655idn;R4P8916293;TK-3182;6772901;PAMPALINDA;SALA PROFESORES;Yacumal;;9/04/2024;CORREO;
M3145idn;R4V8802492;302v393040;6776964;PAMPALINDA;TECNICOS LABORALES;CAMACHO;;9/09/2024;CORREO;
M3655idn;R4P8916180;TK-3182;6779748;PAMPALINDA;CIENCIAS BASICAS;CAMACHO;;10/10/2024;KFS;
M3655idn;R4P8916182;TK-3182;6779750;PAMPALINDA;CELOA;CAMACHO;;12/10/2024;KFS;
M3655idn;R4P8916183;TK-3182;6779751;PAMPALINDA;CIENCIAS BASICAS;CAMACHO;;13/10/2024;KFS;
M3655idn;R4P8916184;TK-3182;6779752;PAMPALINDA;COMPRAS Y SUMINISTROS;CAMACHO;;14/10/2024;KFS;
M3655idn;R4P8916185;TK-3182;6779753;PAMPALINDA;COMUNICAION Y PRENSA;CAMACHO;;15/10/2024;KFS;
M3655idn;R4P8916186;TK-3182;6779754;PAMPALINDA;CONTABILIDAD;CAMACHO;;16/10/2024;KFS;
M3655idn;R4P8916187;TK-3182;6779755;PAMPALINDA;CONTABILIDAD;CAMACHO;;17/10/2024;KFS;
M3655idn;R4P8916188;TK-3182;6779756;PAMPALINDA;CIENCIAS BASICAS;CAMACHO;;18/10/2024;KFS;
M3655idn;R4P8916189;TK-3182;6779757;PAMPALINDA;FACULTAD DE DERECHO;CAMACHO;;19/10/2024;KFS;
M3655idn;R4P8916190;TK-3182;6779758;PAMPALINDA;CELOA;CAMACHO;;20/10/2024;KFS;
M3655idn;R4P8916191;TK-3182;6779759;PAMPALINDA;CIENCIAS BASICAS;CAMACHO;;21/10/2024;KFS;
M3655idn;R4P8916192;TK-3182;6779760;PAMPALINDA;COMUNICAION Y PRENSA;CAMACHO;;22/10/2024;KFS;
M3655idn;R4P8916193;TK-3182;6779761;PAMPALINDA;CIENCIAS BASICAS;CAMACHO;;23/10/2024;KFS;
M3655idn;R4P8916194;TK-3182;6779762;PAMPALINDA;SEC.ACAD.EDUCACION B2-P1;CAMACHO;;24/10/2024;KFS;
M3655idn;R4P8916195;TK-3182;6779763;PAMPALINDA;CIENCIAS BASICAS;CAMACHO;;25/10/2024;KFS;
M3655idn;R4P8916196;TK-3182;6779764;PAMPALINDA;CONTABILIDAD;CAMACHO;;26/10/2024;KFS;
M3655idn;R4P8916197;TK-3182;6779765;PAMPALINDA;ASEGURAMIENTO DE LA CALIDAD;CAMACHO;;27/10/2024;KFS;
M3655idn;R4P8916198;TK-3182;6779766;PAMPALINDA;CIENCIAS BASICAS;CAMACHO;;28/10/2024;KFS;
M3655idn;R4P8916199;TK-3182;6779767;PAMPALINDA;PROGRAMA MEDICINA;CAMACHO;;29/10/2024;KFS;
M3655idn;R4P8916200;TK-3182;6779768;PAMPALINDA;CIENCIAS BASICAS;CAMACHO;;30/10/2024;KFS;
M3655idn;R4P8916201;TK-3182;6779769;PAMPALINDA;CIENCIAS BASICAS;CAMACHO;;31/10/2024;KFS;
M3655idn;R4P8916202;TK-3182;6779770;PAMPALINDA;DIR FACULTAD DE DERECHO;CAMACHO;;1/11/2024;KFS;
M3655idn;R4P8916203;TK-3182;6779771;PAMPALINDA;CIENCIAS BASICAS;CAMACHO;;2/11/2024;KFS;
M3655idn;R4P8916204;TK-3182;6779772;PAMPALINDA;DIRECCION FACULTAD DE SALUD 2;CAMACHO;;3/11/2024;KFS;
M3655idn;R4P8916205;TK-3182;6779773;PAMPALINDA;DIRECCION FACULTAD DE SALUD 1;CAMACHO;;4/11/2024;KFS;
M3655idn;R4P8916206;TK-3182;6779774;PAMPALINDA;GESTION HUMANA;CAMACHO;;5/11/2024;KFS;
M3655idn;R4P8916207;TK-3182;6779775;PAMPALINDA;CIENCIAS BASICAS;CAMACHO;;6/11/2024;KFS;
P3155dn;R4A2X53597;TK-3182;6779227;PAMPALINDA;DIRECCION FACULTAD DE SALUD 1;CAMACHO;;10/10/2024;KFS;
P3155dn;R4A2X53604;TK-3182;6779227;PAMPALINDA;CAJA CLINICA ODONTOLOGICA;CAMACHO;;10/10/2024;KFS;
M3145idn;R4V8802492;TK-3162;6785849;PAMPALINDA;TECNICOS LABORALES;CAMACHO;;17/09/2024;CORREO;
M3145idn;R4V8802454;TK-3162;6785849;PAMPALINDA;AUDITORIA INTERNA;CAMACHO;;17/09/2024;CORREO;
P3045dn;VM38Z27972;TK-3162;6788870;PAMPALINDA;MICROBIOLOGIA;CAMACHO;;20/09/2024;CORREO;
M3655idn;R4P8916502;TK-3182;6788870;PAMPALINDA;ASEGURAMIENTO DE LA CALIDAD;CAMACHO;;20/09/2024;CORREO;
MA5500ifx;WDS3X13721;TK-3432;6789096;PAMPALINDA;COMPRAS Y SUMINISTROS;CAMACHO;;24/09/2024;KFS;
M3655idn;R4P8916502 ;302F906230 (3);6795020;PAMPALINDA;ASEGURAMIENTO DE LA CALIDAD;CAMACHO;;26/09/2024;ST;
MA5500ifx;WDS3X13415;TK-3432;6801922;PAMPALINDA;DGI;Yacumal;4006922;10/01/2024;KFS;
MA5500ifx;WDS3X13675;TK-3432;6801952;PAMPALINDA;RECEP_GESTION_HUMANA;Yacumal;4006458;10/01/2024;KFS;
P3155dn;R4A2X53582;TK-3182;6806669;PAMPALINDA;PROGRAMA MEDICINA;Yacumal;4011602;10/07/2024;KFS;
P3155dn;R4A2X53606;TK-3182;6806099;PAMPALINDA;DIR FACULTAD DE DERECHO;Yacumal;4010984;10/07/2024;KFS;
M3145idn;R4V8802451;TK-3162;6814510;PAMPALINDA;COMUNICAION Y PRENSA;Yacumal;4017834;16/10/2024;KFS;
MA5500ifx;WDS3X13723;TK-3432;6823914;PAMPALINDA;JURIDICO;CAMACHO;4026352;25/10/2024;KFS;
M3145idn;R4V8802390;TK-3162;6830148;PAMPALINDA;BIBLIOTECA ;CAMACHO;4030262;30/10/2024;KFS;
M3145idn;R4V8802495;TK-3162;6829349;PAMPALINDA;CELOA;CAMACHO;4029262;30/10/2024;CORREO;
P3045dn;VM38Z27807;TK-3162;6829349;PAMPALINDA;TIENDA SANTIAGUINA;CAMACHO;4029284;30/10/2024;CORREO;
MA5500ifx;WDS3X13415;TK-3432;6838542;PAMPALINDA;DGI ;CAMACHO;4039684;11/12/2024;KFS;
MA5500ifx;WDS3X13683;TK-3432;6840710;PAMPALINDA;RECEP. CLINICA ODONTOLOGICA;CAMACHO;4041132;13/11/2024;KFS;
MA5500ifx;WDS3X13721;TK-3432;6841119;PAMPALINDA;COMPRAS Y SUMINISTROS;CAMACHO;4041648;13/11/2024;KFS;
MA5500ifx;WDS3X13729;TK-3432;6843600;PAMPALINDA;PAGADURIA;Yacumal;4043840;15/11/2024;KFS;
P3155dn;R4A2X53603;TK-3182;6844088;PAMPALINDA;DIRECCION FACULTAD DE SALUD 2;CAMACHO;4044950;18/11/2023;KFS;
P3155dn;R4A2X53787;TK-3182;6845434;PAMPALINDA;GESTION HUMANA;CAMACHO;4045878;19/11/2024;KFS;
M3145idn;R4V8802445;TK-3162;6846567;PAMPALINDA;POSGRADOS DE INGENIERIA;CAMACHO;4046642;20/11/2024;KFS;
MA5500ifx;WDS3X13727;TK-3432;6850863;PAMPALINDA;GESTION TECNOLOGICA;CAMACHO;4050164;25/11/2024;KFS;
M3145idn;R4V8802494;TK-3162;6851487;PAMPALINDA;PREICFES_B1P4;CAMACHO;4050450;25/11/2024;CORREO;
M3145idn;R4V8802497;TK-3162;6851487;PAMPALINDA;JARDIN SANTIAGUITOS;CAMACHO;4050506;25/11/2024;CORREO;
M3145idn;R4V8802496;TK-3162;6851487;PAMPALINDA;HOSPITAL SIMULADO;CAMACHO;4050526;25/11/2024;CORREO;
M3145idn;R4V8802498;TK-3162;6851487;PAMPALINDA;SERVICIOS GENERALES;CAMACHO;4050486;25/11/2024;CORREO;
M3145idn;R4V8802381;TK-3162;6851487;PAMPALINDA;DIRECCION BIENESTAR UNIVERSITARIO;CAMACHO;4050378;25/11/2024;CORREO;
P3045dn;VM38Z27970;TK-3162;6851487;PAMPALINDA;INSCRIPCIONES Y ADMISIONES;CAMACHO;4050536;25/11/2024;CORREO;
P3045dn;VM38Z27960;TK-3162;6851483;PAMPALINDA;COORDINACION AMBIENTAL;CAMACHO;4050350;25/11/2024;CORREO;
P3155dn;R4A2X53597;TK-3182;6779227;PAMPALINDA;DIRECCION FACULTAD DE SALUD 1;CAMACHO;;10/10/2024;KFS;
P3155dn;R4A2X53604;TK-3182;6779227;PAMPALINDA;CAJA CLINICA ODONTOLOGICA;CAMACHO;;10/10/2024;KFS;
M3145idn;R4V8802492;TK-3162;6785849;PAMPALINDA;TECNICOS LABORALES;CAMACHO;;17/09/2024;CORREO;
M3145idn;R4V8802454;TK-3162;6785849;PAMPALINDA;AUDITORIA INTERNA;CAMACHO;;17/09/2024;CORREO;
P3045dn;VM38Z27972;TK-3162;6788870;PAMPALINDA;MICROBIOLOGIA;CAMACHO;;20/09/2024;CORREO;
M3655idn;R4P8916502;TK-3182;6788870;PAMPALINDA;ASEGURAMIENTO DE LA CALIDAD;CAMACHO;;20/09/2024;CORREO;
MA5500ifx;WDS3X13721;TK-3432;6789096;PAMPALINDA;COMPRAS Y SUMINISTROS;CAMACHO;;24/09/2024;KFS;
M3655idn;R4P8916502 ;302F906230  (3);6795020;PAMPALINDA;ASEGURAMIENTO DE LA CALIDAD;CAMACHO;;26/09/2024;ST;
MA5500ifx;WDS3X13415;TK-3432;6801922;PAMPALINDA;DGI;Yacumal;4006922;10/01/2024;KFS;
MA5500ifx;WDS3X13675;TK-3432;6801952;PAMPALINDA;RECEP_GESTION_HUMANA;Yacumal;4006458;10/01/2024;KFS;
P3155dn;R4A2X53582;TK-3182;6806669;PAMPALINDA;PROGRAMA MEDICINA;Yacumal;4011602;10/07/2024;KFS;
P3155dn;R4A2X53606;TK-3182;6806099;PAMPALINDA;DIR FACULTAD DE DERECHO;Yacumal;4010984;10/07/2024;KFS;
M3145idn;R4V8802451;TK-3162;6814510;PAMPALINDA;COMUNICAION Y PRENSA;Yacumal;4017834;16/10/2024;KFS;
MA5500ifx;WDS3X13723;TK-3432;6823914;PAMPALINDA;JURIDICO;CAMACHO;4026352;25/10/2024;KFS;
M3145idn;R4V8802390;TK-3162;6830148;PAMPALINDA;BIBLIOTECA ;CAMACHO;4030262;30/10/2024;KFS;
M3145idn;R4V8802495;TK-3162;6829349;PAMPALINDA;CELOA;CAMACHO;4029262;30/10/2024;CORREO;
P3045dn;VM38Z27807;TK-3162;6829349;PAMPALINDA;TIENDA SANTIAGUINA;CAMACHO;4029284;30/10/2024;CORREO;
MA5500ifx;WDS3X13415;TK-3432;6838542;PAMPALINDA;DGI ;CAMACHO;4039684;11/12/2024;KFS;
MA5500ifx;WDS3X13683;TK-3432;6840710;PAMPALINDA;RECEP. CLINICA ODONTOLOGICA;CAMACHO;4041132;13/11/2024;KFS;
MA5500ifx;WDS3X13721;TK-3432;6841119;PAMPALINDA;COMPRAS Y SUMINISTROS;CAMACHO;4041648;13/11/2024;KFS;
MA5500ifx;WDS3X13729;TK-3432;6843600;PAMPALINDA;PAGADURIA;Yacumal;4043840;15/11/2024;KFS;
P3155dn;R4A2X53603;TK-3182;6844088;PAMPALINDA;DIRECCION FACULTAD DE SALUD 2;CAMACHO;4044950;18/11/2023;KFS;
P3155dn;R4A2X53787;TK-3182;6845434;PAMPALINDA;GESTION HUMANA;CAMACHO;4045878;19/11/2024;KFS;
M3145idn;R4V8802445;TK-3162;6846567;PAMPALINDA;POSGRADOS DE INGENIERIA;CAMACHO;4046642;20/11/2024;KFS;
MA5500ifx;WDS3X13727;TK-3432;6850863;PAMPALINDA;GESTION TECNOLOGICA;CAMACHO;4050164;25/11/2024;KFS;
MA5500ifx;WDS3X13728;TK-3432;6850864;PAMPALINDA;GESTION HUMANA;CAMACHO;4050165;25/11/2024;KFS;
MA5500ifx;WDS3X13729;TK-3432;6850865;PAMPALINDA;PAGADURIA;CAMACHO;4050166;25/11/2024;KFS;
MA5500ifx;WDS3X13730;TK-3432;6850866;PAMPALINDA;POSGRADOS DE INGENIERIA;CAMACHO;4050167;25/11/2024;KFS;
MA5500ifx;WDS3X13731;TK-3432;6850867;PAMPALINDA;PREICFES_B1P4;CAMACHO;4050168;25/11/2024;KFS;
MA5500ifx;WDS3X13732;TK-3432;6850868;PAMPALINDA;PROGRAMA MEDICINA;CAMACHO;4050169;25/11/2024;KFS;
MA5500ifx;WDS3X13733;TK-3432;6850869;PAMPALINDA;DIR FACULTAD DE DERECHO;CAMACHO;4050170;25/11/2024;KFS;
MA5500ifx;WDS3X13734;TK-3432;6850870;PAMPALINDA;DGI;CAMACHO;4050171;25/11/2024;KFS;
MA5500ifx;WDS3X13735;TK-3432;6850871;PAMPALINDA;DIRECCION FACULTAD DE SALUD 1;CAMACHO;4050172;25/11/2024;KFS;
MA5500ifx;WDS3X13736;TK-3432;6850872;PAMPALINDA;DIRECCION FACULTAD DE SALUD 2;CAMACHO;4050173;25/11/2024;KFS;
MA5500ifx;WDS3X13737;TK-3432;6850873;PAMPALINDA;GESTION TECNOLOGICA;CAMACHO;4050174;25/11/2024;KFS;
MA5500ifx;WDS3X13738;TK-3432;6850874;PAMPALINDA;DIR. FACULTAD DE EDUCACION;CAMACHO;4050175;25/11/2024;KFS;
MA5500ifx;WDS3X13739;TK-3432;6850875;PAMPALINDA;GESTION TECNOLOGICA;CAMACHO;4050176;25/11/2024;KFS;
M3145idn;R4V8802494;TK-3162;6851487;PAMPALINDA;PREICFES_B1P4;CAMACHO;4050450;25/11/2024;CORREO;
M3145idn;R4V8802497;TK-3162;6851487;PAMPALINDA;JARDIN SANTIAGUITOS;CAMACHO;4050506;25/11/2024;CORREO;
M3145idn;R4V8802496;TK-3162;6851487;PAMPALINDA;HOSPITAL SIMULADO;CAMACHO;4050526;25/11/2024;CORREO;
M3145idn;R4V8802498;TK-3162;6851487;PAMPALINDA;SERVICIOS GENERALES;CAMACHO;4050486;25/11/2024;CORREO;
M3145idn;R4V8802381;TK-3162;6851487;PAMPALINDA;DIRECCION BIENESTAR UNIVERSITARIO;CAMACHO;4050378;25/11/2024;CORREO;
P3045dn;VM38Z27970;TK-3162;6851487;PAMPALINDA;INSCRIPCIONES Y ADMISIONES;CAMACHO;4050536;25/11/2024;CORREO;
P3045dn;VM38Z27960;TK-3162;6851483;PAMPALINDA;COORDINACION AMBIENTAL;CAMACHO;4050350;25/11/2024;CORREO;
M3145idn;R4V8802447;TK-3162;6851483;PAMPALINDA;UNIDAD DE MERCADEO;CAMACHO;4050278;25/11/2024;CORREO;
P3045dn;VM38Z28113;TK-3162;6851483;PAMPALINDA;DIR. FACULTAD DE EDUCACION;CAMACHO;4050306;25/11/2024;CORREO;
M3655idn;R4P8916186;TK-3182;6851483;PAMPALINDA;FACULTAD CIENCIAS ECONOMICAS;CAMACHO;4050297;25/11/2024;CORREO;
M3655idn;R4P8916483;TK-3182;6851483;PAMPALINDA;CONTABILIDAD;CAMACHO;4050260;25/11/2024;CORREO;
M3655idn;R4P8916488;TK-3182;6851483;PAMPALINDA;FACULTAD DE DERECHO;CAMACHO;4050368;25/11/2024;CORREO;
MA5500ifx;WDS3X13728;TK-3432;6852978;PAMPALINDA;FACULTAD DE SALUD;CAMACHO;4050904;26/11/2024;KFS;
MA5500ifx;WDS3X13724;TK-3432;6855029;PAMPALINDA;VICERRECTORIA ADMINISTRATIVA;CAMACHO;4053618;27/11/2024;KFS;
M3145idn;R4V8802504;TK-3162;6856083;PAMPALINDA;ACTIVOS FIJOS;CAMACHO;4054630;28/11/2024;KFS;
M3145idn;R4V8802445;302V393040;6857881;PAMPALINDA;POSGRADOS DE INGENIERIA;CAMACHO;ST;29/11/2024;ST;
M3655idn;R4P8916295;TK-3182;6858568;PAMPALINDA;FACULTAD DE COMUNICACION;CAMACHO;4050474;12/02/2024;CORREO;
M3655idn;R4P8916502;TK-3182;6861206;PAMPALINDA;ASEGURAMIENTO DE LA CALIDAD;CAMACHO;4058968;12/03/2024;KFS;
M3145idn;R4V8802440;TK-3162;6865845;PAMPALINDA;SERVICIOS FINANCIEROS ;JESÚS;4063264;12/09/2024;KFS;
MA5500ifx;WDS3X13415;TK-3432;6871930;PAMPALINDA;DGI ;CAMACHO;4068492;12/12/2024;KFS;
MA5500ifx;WDS3X13721;TK-3432;6873184;PAMPALINDA;COMPRAS Y SUMINISTROS;CAMACHO;4069212;16/12/2024;KFS;
P3045dn;VM38Z28191;302T694040-R;6879026;PAMPALINDA;CORRESPONDENCIA;CAMACHO;ST;20/12/2024;ST;
MA5500ifx;WDS3X13677;TK-3432;6879911;PAMPALINDA;SECRETERIA GENERAL;JESÚS;4073578;27/12/2024;KFS;
M3655idn;R4P8916483;TK-3182;6888512;PAMPALINDA;CONTABILIDAD;JESÚS;4084104;1/09/2025;CORREO;
M3655idn;R4P8916485;TK-3182;6888512;PAMPALINDA;FACULTAD DE EDUCACION;JESÚS;4084108;1/09/2025;CORREO;
M3655idn;R4P8916497;TK-3182;6888512;PAMPALINDA;FACULTAD DE INGENIERIA;JESÚS;4084114;1/09/2025;CORREO;
M3145idn;R4V8802447;TK-3162;6888512;PAMPALINDA;UNIDAD DE MERCADEO;JESÚS;4084106;1/09/2025;CORREO;
M3145idn;R4V8802448;TK-3162;6888512;PAMPALINDA;SERVICIOS MEDICOS;JESÚS;4084110;1/09/2025;CORREO;
P3045dn;VM38Z27972;TK-3162;6888512;PAMPALINDA;MICROBIOLOGIA;JESÚS;4084112;1/09/2025;CORREO;
M3145idn;VM38Z27989;TK-3162;6888512;PAMPALINDA;POSGRADOS CIENCIAS ECONOMICAS;JESÚS;4084116;1/09/2025;CORREO;
M3145idn;VM38Z28087;TK-3162;6888544;PAMPALINDA;APARTA HOTEL;JESÚS;4084118;1/09/2025;CORREO;
MA5500ifx;WDS3X13725;TK-3432;6893503;PAMPALINDA;SECRETARIA ACADEMICA DE SALUD;JESÚS;4089004;14/01/2025;KFS;
P3155dn;R4A2X53602;TK-3182;6895103;PAMPALINDA;CONTADORA;LÚIS;4090154;15/01/2025;KFS;
MA5500ifx;WDS3X13415;TK-3432;6896785;PAMPALINDA;DGI ;LÚIS;4092088;16/01/2025;KFS;
M3145idn;R4V8802419;TK-3162;6901226;PAMPALINDA;TALLER INSTITUTO DE IDIOMAS;CAMACHO;4096414;22/01/2025;KFS;
M3145idn;R4V8802386;FK-3202;6912154;PAMPALINDA;POSGRADOS SALUD;CAMACHO;4105114;2/03/2025;CORREO;
M3145idn;R4V8802419;FK-3202;6912154;PAMPALINDA;IDIOMAS;CAMACHO;4104822;2/03/2025;CORREO;
M3145idn;R4V8802386;TK-3162;6912475;PAMPALINDA;POSGRADOS SALUD;CAMACHO;4105836;2/04/2025;KFS;
MA5500ifx;WDS3X13723;TK-3432;6914032;PAMPALINDA;DEPTO. JURIDICO;CAMACHO;4108806;2/05/2025;KFS;
M3655idn;R4P8916296;TK-3182;6914502;PAMPALINDA;REGISTRO Y CONTROL;CAMACHO;4109084;2/05/2025;KFS;
M3145idn;R4V8802355;TK-3162;6915647;PAMPALINDA;DECANATURA DE COMUNICACION;CAMACHO;4110430;2/06/2025;KFS;
M3145idn;R4V8802447;TK-3162;6915567;PAMPALINDA;UNIDAD DE MERCADEO;CAMACHO;4110182;2/06/2025;CORREO;INSTALADO
P3155dn;R4A2X53597;TK-3182;6917092;PAMPALINDA;DIRECC. FAC. SALUD 1;CAMACHO;4111378;2/07/2025;KFS;
M3145idn;R4V8802440;TK-3162;6921592;PAMPALINDA;SERVICIOS FINANCIEROS;CAMACHO;4115304;2/12/2025;KFS;
M3655idn;R4P8916293;TK-3182;6922464;PAMPALINDA;SALA DE PROFESORES;CAMACHO;4115736;13/02/2025;KFS;
MA5500ifx;WDS3X13675;TK-3432;6924427;PAMPALINDA;RECEP. GESTION HUMANA;CAMACHO;4118274;17/02/2025;KFS;
P3045dn;VM38Z27747;TK-3162;6927949;PAMPALINDA;SERVICIOS UNIVERSITARIOS;CAMACHO;4122106;20/02/2025;CORREO;
P3155dn;R4A2X53608;TK-3182;6931680;PAMPALINDA;RECREACION Y DEPORTE;JESÚS;4126540;26/02/2025;KFS;
M3655idn;R4P8916180;TK-3182;6931670;PAMPALINDA;FACULTAD DE CIENCIAS BASICAS;JESÚS;4126674;26/02/2025;KFS;
M3655idn;R4P8916295;EO-22615-2;6934080;PAMPALINDA;FACULTAD DE COMUNICACION;CAMACHO;4128502;28/02/2025;CORREO;CAJAS ECOSOCIAL
M3145idn;R4V8802492;TK-3162;6936344;PAMPALINDA;TECNICOS LABORALES;CAMACHO;4130500;3/03/2025;KFS;
MA5500ifx;WDS3X13124;TK-3432;6941118;PAMPALINDA;METROLOGIA;CAMACHO;4135962;3/07/2025;KFS;
M3145idn;R4V8802447;TK-3162;6942170;PAMPALINDA;UNIDAD DE MERCADEO;CAMACHO;4137206;3/10/2025;KFS;
MA5500ifx;WDS3X13679;TK-3432;6942164;PAMPALINDA;SECRETARIA ACADEMICA DE DERECHO;CAMACHO;4137224;3/10/2025;KFS;
MA5500ifx;WDS3X13721;TK-3432;6946041;PAMPALINDA;COMPRAS Y SUMINISTROS;CAMACHO;4141066;13/03/2025;KFS;
P3155dn;R4A2X53850;TK-3182;6948069;PAMPALINDA;SEC ACADEMICA CIENCIAS ECONO;JESÚS;4142916;14/03/2025;KFS;
P3155dn;R4A2X53336;TK-3182;6952234;PAMPALINDA;DIRECCION CIENCIAS ECONOMICAS ;JESÚS;4146578;19/03/2025;KFS;
P3155dn;R4A2X53611;TK-3182;6954823;PAMPALINDA;ALMACEN LABORATORIOS;CAMACHO;4149054;21/03/2025;KFS;
M3655idn;R4P8916483;TK-3182;6957188;PAMPALINDA;CONTABILIDAD;CAMACHO;4151660;27/03/2025;KFS;
P3045dn;VM38Z27997;TK-3162;6963713;PAMPALINDA;OFICINA SECRETARIA GENERAL;CAMACHO;4157582;4/02/2025;KFS;
M3145idn;R4V8802499;TK-3162;6964793;PAMPALINDA;CONVENIOS SALUD;CAMACHO;4158642;4/03/2025;KFS;
MA5500ifx;WDS3X13701;TK-3432;6968105;PAMPALINDA;ALMACEN MANTENIMIENTO;CAMACHO;4162042;4/09/2025;KFS;
MA5500ifx;WDS3X13415;TK-3432;6969593;PAMPALINDA;DGI ;CAMACHO;4163998;4/09/2025;KFS;
P3045dn;VM38Z28185;TK-3162;6973233;PAMPALINDA;VICERRECTORIA ADMINISTRATIVA;JESÚS;4167028;21/04/2025;KFS;
M3145idn;R4V8802450;TK-3162;6976456;PAMPALINDA;CEIDE;JESÚS;4168158;21/04/2025;KFS;
MA5500ifx;WDS3X13723;TK-3432;6974912;PAMPALINDA;DEPARTAMENTO JURIDICO;JESÚS;4167470;21/04/2025;KFS;
M3655idn;R4P8916488;TK-3182;6987102;PAMPALINDA;FACULTAD DERECHO;JESÚS;4177186;29/04/2025;KFS;
M3655idn;R4A2X53607;TK-3182;6987101;PAMPALINDA;CERTIFICADOS ACADEMICOS;JESÚS;4177192;29/04/2025;KFS;
M3655idn;R4P8916296;FK-3130;6988383;PAMPALINDA;REGISTRO Y CONTROL;JESÚS;4177698;29/04/2025;CORREO;
M3655idn;R4P8916296;302F906230;6988383;PAMPALINDA;REGISTRO Y CONTROL;JESÚS;4177698;29/04/2025;CORREO;
M3655idn;R4P8916296;302F909170;6988383;PAMPALINDA;REGISTRO Y CONTROL;JESÚS;4177698;29/04/2025;CORREO;
M3655idn;R4P8916296;302HN06080;6988383;PAMPALINDA;REGISTRO Y CONTROL;JESÚS;4177698;29/04/2025;CORREO;
M3145idn;R4V8802448;TK-3162;6990889;PAMPALINDA;SERVICIO MEDICO;JESÚS;4180096;5/02/2025;KFS;
MA5500ifx;WDS3X13728;TK-3432;6991292;PAMPALINDA;FACULTAD SALUD;JESÚS;4180600 ;5/05/2025;KFS;
MA5500ifx;WDS3X13721;TK-3432;6998461;PAMPALINDA;COMPRAS Y SUMINISTROS;JESÚS;4189800;5/12/2025;KFS;
M3145idn;R4V8802447;TK-3162;6998462;PAMPALINDA;UNIDAD DE MERCADEO;JESÚS;4189774;5/12/2025;KFS;
M3655idn;R4P8916186;TK-3182;7009475;PAMPALINDA;FACULTAD CIENCIAS ECONOMICAS;CAMACHO;4199546;21/05/2025;KFS;
P3155dn;R4A2X53605;TK-3182;7009473;PAMPALINDA;FINANCIERO CAJA;CAMACHO;4199556;22/05/2025;KFS;
P3155dn;R4A2X53597;TK-3182;7014134;PAMPALINDA;DIRECCION FACULTAD SALUD1;CAMACHO;4204294;29/05/2025;KFS;
M3145idn;R4V8802381;TK-3162;7014123;PAMPALINDA;DIR- BIENESTAR UNIVERSITARIO;CAMACHO;4204440;29/05/2025;KFS;
M3145idn;R4V8802497;TK-3162;7014123;PAMPALINDA;JARDIN SANTIAGUITOS;CAMACHO;4204430;29/05/2025;KFS;
M3145idn;R4V8802382;TK-3162;7019211;PAMPALINDA;DIRECIION GESTION DE LA CALIDAD;CAMACHO;4207704;6/03/2025;KFS;
M3655idn;R4P8916497;FK-3130;7019098;PAMPALINDA;FACULTAD DE INGENIERIA;CAMACHO;4207674;6/03/2025;ST;
MA5500ifx;WDS3X13675;TK-3432;7026314;PAMPALINDA;RECEP. GESTION HUMANA;CAMACHO;4217464;6/11/2025;KFS;
MA5500ifx;WDS3X13415;TK-3432;7027093;PAMPALINDA;DGI ;CAMACHO;4217886;6/12/2025;KFS;
P3155dn;R4A2X53603;TK-3182;7029476;PAMPALINDA;DIRECCION FACULTAD SALUD 2;CAMACHO;4219724;6/12/2025;KFS;
M3145idn;R4V8802447;TK-3162;7030899;PAMPALINDA;UNIDAD DE MERCADEO;CAMACHO;4221034;16/06/2025;KFS;
P3155dn;R4A2X53787;TK-3182;7035803;PAMPALINDA;GESTION HUMANA;STEVAN;4225652;18/06/2025;KFS;
M3145idn;R4V8802440;TK-3162;7037986;PAMPALINDA;SERVICIOS FINANCIEROS;JESÚS;4227128;25/06/2025;KFS;
MA5500ifx;WDS3X13721;TK-3432;7040874;PAMPALINDA;COMPRAS Y SUMINISTROS;CAMACHO;4230622;26/06/2025;KFS;
MA5500ifx;WDS3X13729;TK-3432;7041698;PAMPALINDA;PAGADURIA;CAMACHO;4231580;7/01/2025;KFS;
M3145idn;R4V8802492;EO-22615-2;7043725;PAMPALINDA;TECNICOS_LABORARES;CAMACHO;4232350;7/01/2025;CORREO;CAJAS ECOSOCIAL
M3145idn;R4V8802447;TK-3162;7047865;PAMPALINDA;UNIDAD DE MERCADEO;CAMACHO;4238160;7/07/2025;KFS;
M3655idn;R4P8916180;TK-3182;7053052;PAMPALINDA;FACULTAD CIENCIAS BASICAS;CAMACHO;4243192;7/10/2025;KFS;
M3145idn;R4V8802445;TK-3162;7057273;PAMPALINDA;POSGRADOS DE INGENIERIA;CAMACHO;4245880;15/07/2025;KFS;
MA5500ifx;WDS3X13723;TK-3432;7058329;PAMPALINDA;JURIDICO;CAMACHO;4247384;15/07/2025;KFS;
M3145idn;R4V8802494;TK-3162;7057749;PAMPALINDA;PREICFES_B1P4;CAMACHO;4187892;15/07/2025;KFS;
M3145idn;R4V8802454;TK-3162;7061106;PAMPALINDA;AUDITORIA INTERNA;CAMACHO;4249790;17/07/2025;KFS;
M3655idn;R4P8916483;TK-3182;7062943;PAMPALINDA;CONTABILIDAD;JESÚS;4250650;18/07/2025;KFS;
MA5500ifx;WDS3X13683;TK-3432;7063437;PAMPALINDA;RECEP. CLINICA ODONTOLOGICA;CAMACHO;4251062;21/07/2025;KFS;
M3655IDN;R4P8916186;FK-3130;7064205;PAMPALINDA;FACULTAD CIENCIAS ECONOMICAS;CAMACHO;4250980;21/07/2025;ST;
M3655IDN;R4P8916186;302F906230;7064205;PAMPALINDA;FACULTAD CIENCIAS ECONOMICAS;CAMACHO;4250980;21/07/2025;ST;
M3655IDN;R4P8916186;302F909170;7064205;PAMPALINDA;FACULTAD CIENCIAS ECONOMICAS;CAMACHO;4250980;21/07/2025;ST;
M3655IDN;R4P8916186;302HN06080;7064205;PAMPALINDA;FACULTAD CIENCIAS ECONOMICAS;CAMACHO;4250980;21/07/2025;ST;
M3655idn;R4P8916485;TK-3182;7067797;PAMPALINDA;FACULTAD DE EDUCACION;CAMACHO;4254274;23/07/2025;KFS;
M3145idn;R4V8802447;TK-3162;7070566;PAMPALINDA;UNIDAD MERCADEO;CAMACHO;4256700;28/07/2025;KFS;
MA5500ifx;WDS3X13415;TK-3432;7072261;PAMPALINDA;DGI;CAMACHO;4257820;29/07/2025;KFS;
P3155dn;R4A2X53606;TK-3182;7078553;PAMPALINDA;DIR FAC DE DERECHO;JESÚS;4260998;8/01/2025;KFS;
MA5500ifx;WDS3X13677;TK-3432;7080634;PAMPALINDA;SECRETARIA GENERAL;JESÚS;4265512;8/05/2025;KFS;
M3145idn;R4V8802499;FK-3202;7080674;PAMPALINDA;CONVENIOS SALUD;JESÚS;4263148;8/05/2025;KFS;
MA5500ifx;WDS3X13721;TK-3432;7085003;PAMPALINDA;COMPRAS Y SUMINISTROS;CAMACHO;4269434;8/08/2025;KFS;
P3155dn;R4A2X53610;TK-3182;7083220;PAMPALINDA;ICETEX;CAMACHO;4267544;8/08/2025;KFS;
MA5500ifx;WDS3X13728;TK-3432;7086586;PAMPALINDA;FACULTAD SALUD;CAMACHO;4271086;8/12/2025;KFS;
P3155dn;R4A2X53597;TK-3182;7086548;PAMPALINDA;DIRECCION FACULTAD DE SALUD 1;CAMACHO;4271036;8/12/2025;KFS;
M3655idn;R4P8916488;TK-3182;7086891;PAMPALINDA;FACULTAD DERECHO;CAMACHO;4271146;8/12/2025;KFS;
M3655idn;R4P8916180;FK-3130;7088414;PAMPALINDA;FACULTAD CIENCIAS BASICAS;JESÚS;4271466;13/08/2025;CORREO;
M3655idn;R4P8916180;302F906230;7088414;PAMPALINDA;FACULTAD CIENCIAS BASICAS;JESÚS;4271466;13/08/2025;CORREO;
M3655idn;R4P8916180;302F909170;7088414;PAMPALINDA;FACULTAD CIENCIAS BASICAS;JESÚS;4271466;13/08/2025;CORREO;
M3145idn;R4V8802355;TK-3162;7090361;PAMPALINDA;DECANATURA DE COMUNICACION;JESÚS;4274374;15/08/2025;KFS;
P3155dn;R4A2X53349;TK-3182;7093774;PAMPALINDA;VENTANILLA;CAMACHO;4276660;20/08/2025;KFS;
M3655idn;R4P8916497;TK-3182;7094992;PAMPALINDA;FACULTAD INGENIERIA;CAMACHO;4278526;22/08/2025;KFS;
P3155dn;R4A2X53608;TK-3182;7099935;PAMPALINDA;RECREACION DEPORTE;CAMACHO;4281944;26/08/2025;KFS;
M3655idn;R4P8916502;TK-3182;7103194;PAMPALINDA;ASEGURAMIENTO DE LA CALIDAD;CAMACHO;4284874;28/08/2025;KFS;
M3655idn;R4P8916295;TK-3182;7103194;PAMPALINDA;FACULTAD DE COMUNICACION;CAMACHO;4284448;28/08/2025;KFS;
P3045dn;VM38Z27972;TK-3162;7105219;PAMPALINDA;MICROBIOLOGIA;CAMACHO;4286722;9/01/2025;KFS;
P3155dn;R4A2X53336;TK-3182;7106615;PAMPALINDA;DIRECCION CIENCIAS ECONOMICAS ;CAMACHO;4288504;9/02/2025;KFS;
M3655idn;R4P8916186;TK-3182;7106550;PAMPALINDA;FACULTAD CIENCIAS ECONOMICAS;CAMACHO;4288426;9/02/2025;KFS;
M3145idn;R4V8802447;TK-3162;7108713;PAMPALINDA;UNIDAD MERCADEO;JESÚS;4290978;9/03/2025;KFS;
M3145idn;R4V8802384;TK-3162;7107789;PAMPALINDA;ARCHIVO REGISTRO CONTROL;JESÚS;4289896;9/03/2025;KFS;
P3155dn;R4A2X53582;TK-3182;7110794;PAMPALINDA;PROGRAMA DE MEDICINA;CAMACHO;4293054;9/05/2025;KFS;
MA5500ifx;WDS3X13723;TK-3432;7118578;PAMPALINDA;JURIDICO;CAMACHO;4299334;9/12/2025;KFS;
M3145idn;R4V8802497;TK-3162;7118067;PAMPALINDA;JARDIN SANTIAGUITOS;CAMACHO;4298936;9/12/2025;KFS;
MA5500ifx;WDS3X13675;TK-3432;7120397;PAMPALINDA;RECEPCION GESTION HUMANA;JESÚS;4300582;16/09/2025;KFS;
MA5500ifx;WDS3X13724;TK-3432;7120397;PAMPALINDA;VICERECTORIA ADMINISTRATIVA;JESÚS;4300914;16/09/2025;KFS;
M3145idn;R4V8802448;TK-3162;7122227;PAMPALINDA;SERVICIO_MEDICO_B5P2;CAMACHO;4303050;17/09/2025;KFS;
MA5500ifx;WDS3X13415;TK-3432;7122476;PAMPALINDA;DGI;JESÚS;4303164;18/09/2025;KFS;
M3145idn;R4V8802440;TK-3162;7123120;PAMPALINDA;SERVICIOS FINANCIEROS;JESÚS;4303880;18/09/2025;KFS;
M3145idn;R4V8802486;TK-3162;7126271;PAMPALINDA;REVISORIA FISCAL;CAMACHO;4306170;22/09/2025;KFS;
M3145idn;R4V8802495;TK-3162;7126271;PAMPALINDA;CELOA;CAMACHO;4306190;22/09/2025;KFS;
P3045dn;VM38Z28113;TK-3162;7126476;PAMPALINDA;DIR FACULTAD DE EDUCACACION;JESÚS;4306240;23/09/2025;KFS;
MA5500ifx;WDS3X13721;TK-3432;7131529;PAMPALINDA;COMPRAS Y SUMINISTROS;JESÚS;4310178;26/09/2025;KFS;
MA5500ifx;WDS3X13727;TK-3432;7132734;PAMPALINDA;GESTION TECNOLOGICA;CAMACHO;4311388;29/09/2025;KFS;
M3145idn;R4V8802381;TK-3162;7140281;PAMPALINDA;DIR- BIENESTAR UNIVERSITARIO;CAMACHO;4318864;10/06/2025;KFS;
P3045dn;VM38Z28113;FK-3172;7139579;PAMPALINDA;DIR_FAC_EDUCACION_B2P1;CAMACHO;4316964;10/06/2025;ST;
P3045dn;VM38Z28113;302F906230;7139579;PAMPALINDA;DIR_FAC_EDUCACION_B2P1;CAMACHO;4316964;10/06/2025;ST;
P3045dn;VM38Z28113;302F909170;7139579;PAMPALINDA;DIR_FAC_EDUCACION_B2P1;CAMACHO;4316964;10/06/2025;ST;
M3145idn;R4V8802386;TK-3162;7140812;PAMPALINDA;POSGRADOS SALUD;CAMACHO;4320606;10/07/2025;KFS;
P3045dn;VM38Z27976;TK-3162;7140812;PAMPALINDA;RECEP_BIBLIOTECA ENTRADA P1;CAMACHO;4320618;10/07/2025;KFS;
M3655idn;R4P8916293;TK-3182;714812;PAMPALINDA;SALA PROFESORES;CAMACHO;4320818;10/07/2025;KFS;
P3045dn;VM38Z28185;FK-3172;7142254;PAMPALINDA;VICERRECTORIA ADMINISTRATIVA;CAMACHO;4321032;10/08/2025;KFS;
MA5500ifx;WDS3X13725;TK-3432;7142658;PAMPALINDA;SECRETARIA ACADEMICA DE SALUD;CAMACHO;4322376;10/08/2025;KFS;
MA5500ifx;WDS3X13742;TK-3432;4257572;PAMPALINDA;VICE ACADEMICA_B3P1;CAMACHO;4257572;10/08/2025;KFS;LO ENTREGARON EN EL CENTRO, SE TRASLADO A PAMPALINDA
M3655idn;R4P8916180;TK-3182;7145009;PAMPALINDA;FACULTAD DE CIENCIAS BASICAS;JESÚS;4324372;10/11/2025;KFS;
M3655idn;R4P8916483;TK-3182;7146120;PAMPALINDA;CONTABILIDAD;CAMACHO;4324797;14/10/2025;KFS;
M3655idn;R4P8916296;TK-3182;7148203;PAMPALINDA;REGISTRO Y CONTROL;JESÚS;4326822;15/10/2025;KFS;
M3655idn;R4P8916186;303R402060;7147751;PAMPALINDA;FACULTAD CIENCIAS ECONOMICAS;JESÚS;4325542;15/10/2025;ST;
M3655idn;R4P8916186;302TA18840-R;7150568;PAMPALINDA;FACULTAD CIENCIAS ECONOMICAS;CAMACHO;4325542;17/10/2025;ST;
P3045dn;VM38Z27960;TK-3162;7155855;PAMPALINDA;COORDINACION AMBIENTAL;JESÚS;4333720;22/10/2025;KFS;
M3145idn;R4V8802440;FK-3202;7156809;PAMPALINDA;SERVICIOS FINANCIEROS;CAMACHO;4334164;23/10/2025;ST;
M3145idn;R4V8802390;FK-3202;7162353;PAMPALINDA;BIBLIOTECA ENTRADA P1;CAMACHO;4335826;29/10/2025;ST;302F906230 + 302F909170 + 302HN06080
M3145idn;R4V8802447;TK-3162;7163652;PAMPALINDA;UNIDAD DE MERCADEO;CAMACHO;4340472;30/10/2025;KFS;
MA5500ifx;WDS3X13415;TK-3432;7165834;PAMPALINDA;DGI ;CAMACHO;4341460;31/10/2025;KFS;
M3655idn;R4P8916485;TK-3182;7167707;PAMPALINDA;FACULTAD EDUCACION;JESÚS;4342298;10/04/2025;KFS;
M3145idn;R4V8802494;TK-3162;7169157;PAMPALINDA;PREICFES_B1P4;CAMACHO;4342846;11/06/2025;KFS;
M3145idn;R4V8802492;TK-3162;7169251;PAMPALINDA;TECNICOS LABORALES;CAMACHO;4344586;11/06/2025;KFS;
P3155dn;R4A2X53597;TK-3182;7169127;PAMPALINDA;DIRECCION FACULTAD DE SALUD 1;CAMACHO;4344294;11/06/2025;KFS;
P3045dn;VM38Z27989;TK-3162;7171741;PAMPALINDA;POSGRADOS CIENCIAS ECONOMICAS;JESÚS;4347156;11/07/2025;KFS;
P3045dn;VM38Z28080;TK-3162;7177963;PAMPALINDA;GERENCIA FINANCIERA;CAMACHO;4352466;13/11/2025;KFS;
P3155dn;R4A2X53603;TK-3182;7182269;PAMPALINDA;DIRECCION FACULTAD SALUD 2;JESÚS;4355238;18/11/2025;KFS;
MA5500ifx;WDS3X13721;TK-3432;7182590;PAMPALINDA;COMPRAS Y SUMINISTROS;JESÚS;4355102;18/11/2026;KFS;
MA5500ifx;WDS3X13723;TK-3432;7182736;PAMPALINDA;DEPARTAMENTO JURIDICO;JESÚS;4356366;19/11/2027;KFS;
M3145idn;R4V8802497;TK-3162;7183089;PAMPALINDA;JARDIN SANTIAGUITOS;JESÚS;4356660;19/11/2028;KFS;
MA5500ifx;WDS3X13728;TK-3432;7186363;PAMPALINDA;FACULTAD SALUD ;JESÚS;4359686;22/11/2025;KFS;
P3155dn;R4A2X53790;TK-3182;7187527;PAMPALINDA;CONTA CERVEB3P1;CAMACHO;4360440;24/11/2025;KFS;
M3655idn;R4P8916488;TK-3182;7194246;PAMPALINDA;FACULTAD DERECHO;JESÚS;4366492;12/01/2025;KFS;
M3145idn;R4V8802447;TK-3162;7194662;PAMPALINDA;UNIDAD MERCADEO;JESÚS;4366968;12/01/2025;KFS;
MA5500ifx;WDS3X13679;TK-3432;7197843;PAMPALINDA;SECRETARIA ACADEMICA DE DERECHO;CAMACHO;4367404;12/03/2025;KFS;
M3145idn;R4V8802355;TK-3162;7197412;PAMPALINDA;DECANATURA DE COMUNICACION;CAMACHO;4370006;12/03/2025;KFS;
M3655idn;R4P8916497;TK-3182;7199224;PAMPALINDA;FACULTAD INGENIERIA;CAMACHO;4371912;12/04/2025;KFS;
P3155dn;R4A2X53608;TK-3182;7201241;PAMPALINDA;RECREACION y DEPORTE;CAMACHO;4374806;12/09/2025;KFS;
M3655idn;R4P8916483;TK-3182;7207819;PAMPALINDA;CONTABILIDAD;JESÚS;4379162;12/12/2025;KFS;
M3655idn;R4P8916502;TK-3182;7208649;PAMPALINDA;ASEGURAMIENTO DE LA CALIDAD;JESÚS;4379992;15/12/2025;KFS;
MA5500ifx;WDS3X13415;TK-3432;7211829;PAMPALINDA;DGI;JESÚS;4382006;17/12/2025;KFS;
MA5500ifx;WDS3X13721;TK-3432;7216372;PAMPALINDA;COMPRAS Y SUMINISTROS;JESÚS;4383246;19/12/2025;KFS;
M3145idn;R4V8802447;TK-3162;7220360;PAMPALINDA;UNIDAD MERCADEO;JESÚS;4387820;23/12/2025;KFS;
M3145idn;R4V8802447;TK-3162;7242993;PAMPALINDA;UNIDAD MERCADEO;CAMACHO;4406360;21/01/2026;KFS;
MA5500ifx;WDS3X13719;TK-3432;7249278;PAMPALINDA;RECTORIA;JESÚS;4410458;27/01/2025;KFS;
M3145idn;R4V8802440;TK-3162;7251426;PAMPALINDA;SERVICIOS FINANCIEROS;CAMACHO;4412230;28/01/2026;KFS;
M3145idn;R4V8802498;CAJAS ECOS;7257759;PAMPALINDA;SERVICIOS GENERALES;CAMACHO;4418484;2/05/2026;CORREO;SOLICITUD DE CAJAS ECOSOCIALES
M3145idn;R4V8802504;TK-3162;7259789;PAMPALINDA;ACTIVOS FIJOS;CAMACHO;4421048;2/05/2026;KFS;
M3145idn;R4V8802447;TK-3162;7259789;PAMPALINDA;UNIDAD DE MERCADEO;CAMACHO;4421074;2/05/2026;KFS;
P3045dn;VM38Z27749;TK-3162;7261336;PAMPALINDA;GIMNASIO;CAMACHO;4422590;2/06/2026;KFS;
M3145idn;R4V8802448;TK-3162;7262257;PAMPALINDA;SERVICIO_MEDICO_B5P2;CAMACHO;4423946;2/09/2026;KFS;
M3655idn;R4P8916186;DK-3192;7262663;PAMPALINDA;FACULTAD CIENCIAS ECONOMICAS;CAMACHO;4423672;2/09/2026;ST;LLEGA UNIDAD DE CILINDRO 
P3045dn;VM38Z27768;TK-3162;7263750;PAMPALINDA;CONTABILIDAD2;JESÚS;4425394;2/10/2026;KFS;
M3655idn;R4P8916186;TK-3182;7267006;PAMPALINDA;FACULTAD CIENCIAS ECONOMICAS;CAMACHO;4429042;2/12/2026;KFS;
MA5500ifx;WDS3X13675;TK-3462;7268903;PAMPALINDA;RECEP_GESTION_HUMANA;JESÚS;4430920;16/02/2026;KFS;SE PRESTO Y LLEGO CON R .7267230   OS  4417940
MA5500ifx;WDS3X13729;TK-3462;7270753;PAMPALINDA;PAGADURIA;CAMACHO;4432540;17/02/2026;KFS;
M3655idn;R4P8916180;TK-3182;7273487;PAMPALINDA;FACULTAD_CIEN_BASICAS;JESÚS;4435562;19/02/2026;KFS;
MA5500ifx;WDS3X13683;TK-3462;7279279;PAMPALINDA;RECEP CLINICA ODONTOLOGICA;JESÚS;4440440;25/02/2026;KFS;
P3155dn;R4A2X53611;TK-3182;7279328;PAMPALINDA;ALMACEN LABORATORIOS;JESÚS;4440542;25/02/2026;KFS;
P3155dn;R4A2X53787;TK-3182;7283279;PAMPALINDA;GESTION HUMANA;JESÚS;4444124;3/03/2026;KFS;
M3145idn;R4V8802447;TK-3162;7283267;PAMPALINDA;UNIDAD MERCADEO;JESÚS;4443580;3/03/2026;KFS;
P3045dn;VM38Z27972;TK-3162;7285683;PAMPALINDA;MICROBIOLOGIA;JESÚS;4447440;4/03/2026;KFS;
M3145idn;R4V8802494;TK-3162;7287526;PAMPALINDA;PREICFES;JESÚS;4449982;6/03/2026;KFS;
M3145idn;R4V8802445;TK-3162;7288234;PAMPALINDA;POSGRADOS DE INGENIERIA;JESÚS;4450598;6/03/2026;KFS;
MA5500ifx;WDS3X13415;TK-3462;7291642;PAMPALINDA;DGI;JESÚS;4453240;10/03/2026;KFS;
P3155dn;R4A2X53336;TK-3182;7292122;PAMPALINDA;DIRECCION CIENCIAS ECONOMICAS;CAMACHO;4453862;11/03/2026;KFS;
P3155dn;R4A2X53610;TK-3182;7294845;PAMPALINDA;ICETEX;JESÚS;4457352;16/03/2026;KFS;
MA5500ifx;WDS3X13723;TK-3462;7297159;PAMPALINDA;DEPARTAMENTO JURIDICO;CAMACHO;4458116;17/03/2026;KFS;
P3155dn;R4A2X53597;TK-3182;7297465;PAMPALINDA;DIRECCION FACULTAD SALUD;CAMACHO;4459296;17/03/2026;KFS;
M3145idn;R4V8802497;TK-3162;7299430;PAMPALINDA;JARDIN SANTIAGUITOS;JESÚS;4461490;18/03/2026;KFS;
P3045dn;VM38Z28188;TK-3162;7301914;PAMPALINDA;SEC F COMUNICACION;JESÚS;4463678;20/03/2026;KFS;
M3145idn;R4V8802381;TK-3162;7301123;PAMPALINDA;DIR BIENESTAR UNIVERSITARIO;JESÚS;4462820;20/03/2026;KFS;
MA5500ifx;WDS3X13677;TK-3462;7301378;PAMPALINDA;SECRETARIA GENERAL;JESÚS;4463150;20/03/2026;KFS;
MA5500ifx;WDS3X13728;TK-3462;7301561;PAMPALINDA;FACULTAD SALUD;JESÚS;4463358;20/03/2026;KFS;
M3655idn;R4P8916483;TK-3182;7304544;PAMPALINDA;CONTABILIDAD;CAMACHO;4465766;25/03/2026;KFS;
MA5500ifx;WDS3X13724;TK-3432;7305823;PAMPALINDA;VICERECTORIA ADMINISTRATIVA;DIANA;4466948;26/03/2026;KFS;
M3145idn;R4V8802390;TK-3162;7315728;PAMPALINDA;BIBLIOTECA ;JESÚS;4476498;10/04/2026;KFS;
MA5500ifx;WDS3X13721;TK-3462;7317987;PAMPALINDA;COMPRAS Y SUMINISTROS;JESÚS;4479220;13/04/2026;KFS;
M3145idn;R4V8802441;TK-3162;7321815;PAMPALINDA;ARCHIVO CENTRAL;JESÚS;4483014;15/04/2026;KFS;
M3145idn;R4V8802447;TK-3162;7325043;PAMPALINDA;UNIDAD MERCADEO;CAMACHO;4486524;20/04/2026;KFS;
M3655idn;R4P8916488;TK-3182;7330204;PAMPALINDA;FACULTAD DERECHO;CAMACHO;4490666;24/04/2026;KFS;
M3655idn;R4P8916295;TK-3182;7330578;PAMPALINDA;FACULTAD DE COMUNICACION;JESÚS;4491032;27/04/2026;KFS;
M3145idn;R4V8802390;TK-3162;7332964;PAMPALINDA;BIBLIOTECA ;CAMACHO;4493280;28/04/2026;KFS;
M3145idn;R4V8802494;TK-3162;7339078;PAMPALINDA;PREICFES;JESÚS;4497050;5/05/2026;KFS;
P3155dn;R4A2X53604;TK-3182;7341940;PAMPALINDA;CAJA CLINICA ODONTOLOGICA;JESÚS;4501132;7/05/2026;KFS;
M3145idn;R4V8802448;TK-3162;7343300;PAMPALINDA;SERVICIO_MEDICO_B5P2;CAMACHO;4502590;8/05/2026;KFS;
M3655idn;R4P8916497;302F906230;7342847;PAMPALINDA;FACULTAD INGENIERIA;CAMACHO;7342847;8/05/2026;ST;
M3655idn;R4P8916497;302F909170;7342847;PAMPALINDA;FACULTAD INGENIERIA;CAMACHO;7342847;8/05/2026;ST;
M3655idn;R4P8916497;DK-3192;7342847;PAMPALINDA;FACULTAD INGENIERIA;CAMACHO;7342847;8/05/2026;ST;
M3145idn;R4V8802390;TK-3162;7344930;PAMPALINDA;BIBLIOTECA ;CAMACHO;4505618;13/05/2026;KFS;
M3145idn;R4V8802447;302F906230;7349169;PAMPALINDA;UNIDAD DE MERCADEO;JESÚS;4507540;15/05/2026;ST;
M3145idn;R4V8802447;302F909170;7349169;PAMPALINDA;UNIDAD DE MERCADEO;JESÚS;4507540;15/05/2026;ST;
M3655idn;R4P8916180;DK-3192;7349169;PAMPALINDA;FACULTAD DE CIENCIAS BASICAS;JESÚS;4507790;15/05/2026;ST;
M3145idn;R4V8802447;FK-3202;7349169;PAMPALINDA;UNIDAD DE MERCADEO;JESÚS;4507540;15/05/2026;ST;
MA5500ifx;WDS3X13675;TK-3462;7351148;PAMPALINDA;RECEPCION GESTION HUMANA;JESÚS;4509148;19/05/2026;KFS;
MA5500ifx;WDS3X13742;TK-3462;7353384;PAMPALINDA;VICERRECTORIA ACADEMICA;JESÚS;4511774;21/05/2026;KFS;
P3155dn;R4A2X53598;TK-3182;7353387;PAMPALINDA;COOR CENTRO RECREACIONAL;JESÚS;4511732;21/05/2026;KFS;
M3655idn;R4P8916497;TK-3182;7352868;PAMPALINDA;FACULTAD INGENIERIA;JESÚS;4510918;21/05/2026;KFS;
M3145idn;R4V8802390;TK-3162;7354480;PAMPALINDA;BIBLIOTECA;CAMACHO;4512938;22/05/2026;KFS;
M3145idn;R4V8802447;TK-3162;7358388;PAMPALINDA;UNIDAD DE MERCADEO;CAMACHO;4516386;27/05/2026;KFS;
P3155dn;R4A2X53606;TK-3182;7358395;PAMPALINDA;DIRECCION FACULTAD DE DERECHO;CAMACHO;4516266;27/05/2026;KFS;
M3145idn;R4V8802384;302F906230;7358052;PAMPALINDA;ARCHIVO REGISTRO Y CONTROL;CAMACHO;4515470;27/05/2026;ST;
M3145idn;R4V8802384;TK-3172;7358052;PAMPALINDA;ARCHIVO REGISTRO Y CONTROL;CAMACHO;4515470;27/05/2026;ST;
M3145idn;R4V8802384;302TP94010-R;7358989;PAMPALINDA;ARCHIVO REGISTRO Y CONTROL;JESÚS;4515470;28/05/2026;ST;
P3045dn;VM38Z27960;TK-3162;7359438;PAMPALINDA;COORDINACION AMBIENTAL;JESÚS;4517524;28/05/2026;KFS;
M3145idn;R4V8802497;TK-3162;7360696;PAMPALINDA;JARDIN SANTIAGUITOS;CAMACHO;4518314;29/05/2026;KFS;
P3155dn;R4A2X53354;TK-3182;7361093;PAMPALINDA;DIRECCION LABORATORIOS;CAMACHO;4518460;29/05/2026;KFS;
M3145idn;R4V8802384;FK-3202;7360715;PAMPALINDA;ARCHIVO REGISTRO Y CONTROL;CAMACHO;4515470;29/05/2026;KFS;
P3045dn;VM38Z28113;TK-3162;7362410;PAMPALINDA;DIRECCION FACULTAD DE EDUCACION;CAMACHO;4518826;1/06/2026;KFS;
M3145idn;R4V8802440;TK-3162;7362899;PAMPALINDA;SERVICIOS FINANCIEROS;CAMACHO;4519454;1/06/2026;KFS;
M3145idn;R4V8802384;302F909170;7361919;PAMPALINDA;ARCHIVO REGISTRO Y CONTROL;CAMACHO;4515470;1/06/2026;ST;
P3045dn;VM38Z27747;TK-3162;7363140;PAMPALINDA;SERVICIOS UNIVERSITARIOS;CAMACHO;4520136;2/06/2026;KFS;
P3155dn;R4A2X53356;TK-3182;7366827;PAMPALINDA;SEC.ACAD.EDUCACION B2-P1;CAMACHO;4524416;5/06/2026;KFS;
MA5500ifx;WDS3X13415;TK-3462;7367142;PAMPALINDA;DGI;CAMACHO;452468;5/06/2026;KFS;
MA5500ifx;WDS3X13723;TK-3462;7367578;PAMPALINDA;DEPARTAMENTO JURIDICO;JESÚS;4525110;9/06/2026;KFS;
P3155dn;R4A2X53603;TK-3182;7369193;PAMPALINDA;DIRECCION FACULTAD SALUD 2;JESÚS;4525582;9/06/2026;KFS;
M3655idn;R4P8916180;TK-3182;7370452;PAMPALINDA;CIENCIAS BASICAS;CAMACHO;4526790;10/06/2026;KFS;
MA5500ifx;WDS3X13721;TK-3462;7373849;PAMPALINDA;COMPRAS Y SUMINISTROS;JESÚS;4529384;16/06/2026;KFS;
M3655idn;R4P8916488;TK-3182;7374422;PAMPALINDA;FACULTAD DE DERECHO;JESÚS;4529812;16/06/2026;KFS;
P3155dn;R4A2X53597;TK-3182;7374420;PAMPALINDA;DIRECCION FACULTAD SALUD 1;JESÚS;4529936;16/06/2026;KFS;
